txn_id,source,razorpay_payment_id,order_id,txn_amount,payment_method,created_at,day_of_week,is_weekend_or_holiday,merchant_category,had_dispute_flag,had_refund,refund_amount,gst_on_fee_flag,fee_amount,tax_on_fee,fee_pct,days_to_settle,deduction_pct,settled_at,status,true_tax_category
TXN00227,synthetic,,order_synth_227,13375.48,upi,2025-06-01T15:24:28,6,True,ecommerce,False,False,0.0,True,48.71,8.77,0.0036,3,0.0043,2025-06-04T18:24:28,settled,gst_on_fee
TXN00099,synthetic,,order_synth_99,14213.34,upi,2025-06-01T18:52:10,6,True,ecommerce,False,False,0.0,True,40.29,7.25,0.0028,3,0.0033,2025-06-05T05:52:10,settled,gst_on_fee
TXN00226,synthetic,,order_synth_226,5585.18,upi,2025-06-01T21:18:04,6,True,ecommerce,False,False,0.0,True,11.23,2.02,0.002,3,0.0024,2025-06-04T21:18:04,settled,gst_on_fee
TXN00198,synthetic,,order_synth_198,7565.05,upi,2025-06-01T21:35:38,6,True,saas,False,False,0.0,True,0.0,0.0,0.0,3,0.0,2025-06-05T13:35:38,settled,taxable_sale
TXN00085,synthetic,,order_synth_85,13873.45,card,2025-06-02T07:51:49,0,False,ecommerce,False,False,0.0,True,233.41,42.01,0.0168,3,0.0199,2025-06-05T15:51:49,settled,gst_on_fee
TXN00113,synthetic,,order_synth_113,4480.02,card,2025-06-02T12:46:21,0,False,travel,False,False,0.0,True,91.48,16.47,0.0204,1,0.0241,2025-06-04T02:46:21,settled,gst_on_fee
TXN00153,synthetic,,order_synth_153,15854.08,upi,2025-06-02T14:17:49,0,False,food_delivery,False,True,7645.67,True,18.08,3.25,0.0011,2,0.4836,2025-06-05T01:17:49,refunded,refund_credit_note
TXN00039,synthetic,,order_synth_39,16551.82,upi,2025-06-03T07:08:31,1,False,saas,False,False,0.0,True,0.0,0.0,0.0,2,0.0,2025-06-05T17:08:31,settled,taxable_sale
TXN00105,synthetic,,order_synth_105,15545.74,wallet,2025-06-03T10:18:41,1,False,saas,False,False,0.0,True,263.68,47.46,0.017,1,0.02,2025-06-05T06:18:41,settled,gst_on_fee
TXN00079,synthetic,,order_synth_79,2419.47,wallet,2025-06-03T12:16:10,1,False,retail,False,True,1964.15,True,29.0,5.22,0.012,1,0.826,2025-06-05T03:16:10,refunded,refund_credit_note
TXN00040,synthetic,,order_synth_40,3016.24,wallet,2025-06-03T16:18:50,1,False,food_delivery,False,False,0.0,True,40.51,7.29,0.0134,2,0.0158,2025-06-06T05:18:50,settled,gst_on_fee
TXN00175,synthetic,,order_synth_175,12526.25,upi,2025-06-03T22:34:16,1,False,saas,False,False,0.0,True,9.02,1.62,0.0007,1,0.0008,2025-06-05T00:34:16,settled,gst_on_fee
TXN00212,synthetic,,order_synth_212,20265.53,upi,2025-06-04T03:04:18,2,False,ecommerce,False,True,13682.38,True,5.76,1.04,0.0003,0,0.6755,2025-06-04T10:04:18,refunded,refund_credit_note
TXN00219,synthetic,,order_synth_219,21859.47,card,2025-06-04T20:09:08,2,False,retail,False,False,0.0,True,464.03,83.53,0.0212,1,0.025,2025-06-06T02:09:08,settled,gst_on_fee
TXN00028,synthetic,,order_synth_28,15541.63,upi,2025-06-04T20:36:17,2,False,retail,False,False,0.0,True,0.0,0.0,0.0,1,0.0,2025-06-06T03:36:17,settled,taxable_sale
TXN00152,synthetic,,order_synth_152,6075.22,upi,2025-06-05T15:15:51,3,False,retail,False,False,0.0,True,6.44,1.16,0.0011,2,0.0013,2025-06-08T08:15:51,settled,gst_on_fee
TXN00127,synthetic,,order_synth_127,341.02,card,2025-06-06T07:39:04,4,False,food_delivery,False,False,0.0,True,7.4,1.33,0.0217,2,0.0256,2025-06-08T12:39:04,settled,gst_on_fee
TXN00119,synthetic,,order_synth_119,14723.66,upi,2025-06-06T19:45:56,4,False,saas,False,False,0.0,True,28.79,5.18,0.002,0,0.0023,2025-06-07T04:45:56,settled,gst_on_fee
TXN00157,synthetic,,order_synth_157,17943.72,wallet,2025-06-07T03:02:05,5,True,ecommerce,False,True,6452.13,True,308.62,55.55,0.0172,3,0.3799,2025-06-10T04:02:05,refunded,refund_credit_note
TXN00252,synthetic,,order_synth_252,7611.56,netbanking,2025-06-07T12:31:39,5,True,ecommerce,True,False,0.0,True,142.63,25.67,0.0187,10,0.0221,2025-06-17T17:31:39,disputed,gst_on_fee
TXN00154,synthetic,,order_synth_154,23842.08,upi,2025-06-07T13:42:15,5,True,retail,False,False,0.0,True,65.41,11.77,0.0027,3,0.0032,2025-06-10T21:42:15,settled,gst_on_fee
TXN00076,synthetic,,order_synth_76,17231.52,wallet,2025-06-07T21:51:39,5,True,retail,False,False,0.0,True,282.65,50.88,0.0164,2,0.0194,2025-06-10T05:51:39,settled,gst_on_fee
TXN00030,synthetic,,order_synth_30,13510.21,upi,2025-06-08T02:42:35,6,True,food_delivery,False,False,0.0,True,2.2,0.4,0.0002,3,0.0002,2025-06-11T07:42:35,settled,gst_on_fee
TXN00103,synthetic,,order_synth_103,3647.81,wallet,2025-06-08T07:27:36,6,True,travel,False,False,0.0,True,55.03,9.91,0.0151,2,0.0178,2025-06-10T18:27:36,settled,gst_on_fee
TXN00218,synthetic,,order_synth_218,23067.32,netbanking,2025-06-08T16:14:50,6,True,ecommerce,False,False,0.0,True,440.9,79.36,0.0191,5,0.0226,2025-06-14T11:14:50,settled,gst_on_fee
TXN00237,synthetic,,order_synth_237,6809.1,upi,2025-06-08T23:09:44,6,True,food_delivery,False,False,0.0,True,11.69,2.1,0.0017,3,0.002,2025-06-12T02:09:44,settled,gst_on_fee
TXN00073,synthetic,,order_synth_73,24848.87,card,2025-06-09T06:29:09,0,False,travel,False,False,0.0,True,443.14,79.77,0.0178,2,0.021,2025-06-11T15:29:09,settled,gst_on_fee
TXN00239,synthetic,,order_synth_239,14983.58,upi,2025-06-10T00:51:19,1,False,travel,True,False,0.0,True,0.0,0.0,0.0,8,0.0,2025-06-18T16:51:19,disputed,taxable_sale
TXN00091,synthetic,,order_synth_91,13219.88,upi,2025-06-10T16:20:42,1,False,food_delivery,False,False,0.0,True,0.0,0.0,0.0,1,0.0,2025-06-12T11:20:42,settled,taxable_sale
TXN00195,synthetic,,order_synth_195,17077.62,card,2025-06-10T18:17:11,1,False,retail,False,False,0.0,True,369.95,66.59,0.0217,2,0.0256,2025-06-13T03:17:11,settled,gst_on_fee
TXN00249,synthetic,,order_synth_249,412.11,card,2025-06-11T06:52:07,2,False,retail,False,False,0.0,True,8.39,1.51,0.0204,2,0.024,2025-06-14T00:52:07,settled,gst_on_fee
TXN00098,synthetic,,order_synth_98,6044.56,upi,2025-06-11T08:31:12,2,False,retail,False,False,0.0,False,2.75,0.0,0.0005,1,0.0005,2025-06-12T16:31:12,settled,exempt
TXN00072,synthetic,,order_synth_72,20579.57,upi,2025-06-12T01:50:32,3,False,ecommerce,False,False,0.0,True,89.92,16.19,0.0044,2,0.0052,2025-06-14T10:50:32,settled,gst_on_fee
TXN00032,synthetic,,order_synth_32,22259.36,upi,2025-06-12T04:58:05,3,False,food_delivery,False,False,0.0,True,0.0,0.0,0.0,1,0.0,2025-06-14T00:58:05,settled,taxable_sale
TXN00182,synthetic,,order_synth_182,3347.29,card,2025-06-12T12:50:59,3,False,saas,False,False,0.0,True,66.64,12.0,0.0199,2,0.0235,2025-06-14T18:50:59,settled,gst_on_fee
TXN00168,synthetic,,order_synth_168,24630.54,upi,2025-06-12T18:47:42,3,False,food_delivery,False,True,15842.79,True,0.0,0.0,0.0,2,0.6432,2025-06-14T22:47:42,refunded,refund_credit_note
TXN00166,synthetic,,order_synth_166,3522.85,card,2025-06-12T21:45:57,3,False,food_delivery,False,False,0.0,True,79.91,14.38,0.0227,2,0.0268,2025-06-15T08:45:57,settled,gst_on_fee
TXN00163,synthetic,,order_synth_163,1820.75,upi,2025-06-13T06:08:14,4,False,saas,False,False,0.0,True,2.27,0.41,0.0012,1,0.0015,2025-06-14T17:08:14,settled,gst_on_fee
TXN00128,synthetic,,order_synth_128,9598.16,upi,2025-06-13T13:01:28,4,False,retail,False,False,0.0,True,15.41,2.77,0.0016,1,0.0019,2025-06-14T14:01:28,settled,gst_on_fee
TXN00238,synthetic,,order_synth_238,2319.34,upi,2025-06-13T20:45:49,4,False,retail,False,False,0.0,False,0.13,0.0,0.0001,1,0.0001,2025-06-15T13:45:49,settled,exempt
TXN00210,synthetic,,order_synth_210,16390.32,card,2025-06-13T21:53:19,4,False,food_delivery,False,False,0.0,True,311.93,56.15,0.019,2,0.0225,2025-06-15T21:53:19,settled,gst_on_fee
TXN00143,synthetic,,order_synth_143,4000.39,card,2025-06-14T08:33:01,5,True,ecommerce,False,False,0.0,True,68.39,12.31,0.0171,4,0.0202,2025-06-18T20:33:01,settled,gst_on_fee
TXN00150,synthetic,,order_synth_150,1101.83,netbanking,2025-06-14T08:37:49,5,True,travel,False,False,0.0,True,21.74,3.91,0.0197,5,0.0233,2025-06-19T08:37:49,settled,gst_on_fee
TXN00201,synthetic,,order_synth_201,12014.73,wallet,2025-06-14T15:38:57,5,True,ecommerce,False,False,0.0,True,199.75,35.95,0.0166,2,0.0196,2025-06-17T11:38:57,settled,gst_on_fee
TXN00233,synthetic,,order_synth_233,18843.52,upi,2025-06-14T23:59:26,5,True,travel,False,False,0.0,True,0.0,0.0,0.0,3,0.0,2025-06-18T03:59:26,settled,taxable_sale
TXN00144,synthetic,,order_synth_144,4181.84,netbanking,2025-06-15T23:26:05,6,True,retail,False,False,0.0,True,73.23,13.18,0.0175,4,0.0207,2025-06-20T06:26:05,settled,gst_on_fee
TXN00125,synthetic,,order_synth_125,18897.73,card,2025-06-16T06:47:29,0,False,ecommerce,False,False,0.0,True,349.74,62.95,0.0185,3,0.0218,2025-06-19T09:47:29,settled,gst_on_fee
TXN00027,synthetic,,order_synth_27,1563.46,upi,2025-06-16T06:50:41,0,False,food_delivery,False,True,1390.63,True,3.79,0.68,0.0024,2,0.8923,2025-06-19T01:50:41,refunded,refund_credit_note
TXN00097,synthetic,,order_synth_97,1985.47,wallet,2025-06-16T08:06:35,0,False,retail,False,False,0.0,True,26.54,4.78,0.0134,1,0.0158,2025-06-17T23:06:35,settled,gst_on_fee
TXN00024,synthetic,,order_synth_24,10249.39,upi,2025-06-17T03:31:58,1,False,travel,False,False,0.0,False,24.38,0.0,0.0024,1,0.0024,2025-06-18T11:31:58,settled,exempt
TXN00094,synthetic,,order_synth_94,17395.93,netbanking,2025-06-17T03:39:28,1,False,ecommerce,False,True,8467.83,True,312.19,56.19,0.0179,2,0.5079,2025-06-19T19:39:28,refunded,refund_credit_note
TXN00240,synthetic,,order_synth_240,17180.1,card,2025-06-17T11:09:24,1,False,saas,False,False,0.0,True,300.15,54.03,0.0175,2,0.0206,2025-06-19T19:09:24,settled,gst_on_fee
TXN00123,synthetic,,order_synth_123,21766.09,upi,2025-06-18T14:42:20,2,False,travel,False,False,0.0,True,44.88,8.08,0.0021,1,0.0024,2025-06-20T03:42:20,settled,gst_on_fee
TXN00111,synthetic,,order_synth_111,14721.62,netbanking,2025-06-21T02:42:41,5,True,food_delivery,False,False,0.0,True,323.2,58.18,0.022,3,0.0259,2025-06-24T19:42:41,settled,gst_on_fee
TXN00057,synthetic,,order_synth_57,11449.28,card,2025-06-21T13:12:15,5,True,travel,False,False,0.0,True,242.11,43.58,0.0211,3,0.025,2025-06-24T20:12:15,settled,gst_on_fee
TXN00018,synthetic,,order_synth_18,23233.5,upi,2025-06-21T13:31:32,5,True,food_delivery,False,False,0.0,True,0.0,0.0,0.0,3,0.0,2025-06-25T05:31:32,settled,taxable_sale
TXN00026,synthetic,,order_synth_26,24222.43,upi,2025-06-22T03:16:47,6,True,retail,False,False,0.0,True,0.0,0.0,0.0,4,0.0,2025-06-26T19:16:47,settled,taxable_sale
TXN00048,synthetic,,order_synth_48,4520.78,wallet,2025-06-22T05:56:12,6,True,retail,False,False,0.0,True,68.34,12.3,0.0151,2,0.0178,2025-06-24T09:56:12,settled,gst_on_fee
TXN00100,synthetic,,order_synth_100,15969.95,upi,2025-06-22T06:19:03,6,True,food_delivery,False,False,0.0,True,0.0,0.0,0.0,3,0.0,2025-06-25T07:19:03,settled,taxable_sale
TXN00010,synthetic,,order_synth_10,20571.79,netbanking,2025-06-23T05:43:14,0,False,travel,False,False,0.0,True,343.48,61.83,0.0167,2,0.0197,2025-06-25T11:43:14,settled,gst_on_fee
TXN00096,synthetic,,order_synth_96,11609.58,card,2025-06-23T13:02:17,0,False,saas,False,False,0.0,True,207.31,37.32,0.0179,2,0.0211,2025-06-26T06:02:17,settled,gst_on_fee
TXN00059,synthetic,,order_synth_59,3286.59,upi,2025-06-24T03:51:00,1,False,retail,False,False,0.0,True,0.0,0.0,0.0,0,0.0,2025-06-24T08:51:00,settled,taxable_sale
TXN00138,synthetic,,order_synth_138,17734.4,wallet,2025-06-25T01:17:04,2,False,retail,False,False,0.0,True,225.03,40.51,0.0127,1,0.015,2025-06-26T13:17:04,settled,gst_on_fee
TXN00112,synthetic,,order_synth_112,19993.07,card,2025-06-25T08:03:59,2,False,ecommerce,False,False,0.0,True,401.27,72.23,0.0201,3,0.0237,2025-06-28T18:03:59,settled,gst_on_fee
TXN00029,synthetic,,order_synth_29,9985.28,upi,2025-06-26T18:55:36,3,False,saas,False,False,0.0,True,27.78,5.0,0.0028,2,0.0033,2025-06-28T21:55:36,settled,gst_on_fee
TXN00078,synthetic,,order_synth_78,12586.73,upi,2025-06-27T10:22:46,4,False,ecommerce,False,False,0.0,True,10.56,1.9,0.0008,2,0.001,2025-06-29T18:22:46,settled,gst_on_fee
TXN00215,synthetic,,order_synth_215,1664.8,wallet,2025-06-27T17:09:18,4,False,food_delivery,False,False,0.0,True,32.79,5.9,0.0197,1,0.0232,2025-06-29T09:09:18,settled,gst_on_fee
TXN00008,synthetic,,order_synth_8,11417.25,netbanking,2025-06-27T23:43:31,4,False,food_delivery,False,False,0.0,True,213.5,38.43,0.0187,1,0.0221,2025-06-29T18:43:31,settled,gst_on_fee
TXN00023,synthetic,,order_synth_23,11646.31,netbanking,2025-06-28T01:03:26,5,True,ecommerce,False,False,0.0,True,293.83,52.89,0.0252,2,0.0298,2025-06-30T08:03:26,settled,gst_on_fee
TXN00180,synthetic,,order_synth_180,12448.12,netbanking,2025-06-28T07:36:28,5,True,travel,False,True,3560.13,True,228.97,41.21,0.0184,4,0.3077,2025-07-02T19:36:28,refunded,refund_credit_note
TXN00148,synthetic,,order_synth_148,2234.3,card,2025-06-28T16:14:41,5,True,travel,False,False,0.0,True,41.86,7.53,0.0187,3,0.0221,2025-07-02T03:14:41,settled,gst_on_fee
TXN00070,synthetic,,order_synth_70,5802.96,card,2025-06-29T18:18:15,6,True,ecommerce,False,False,0.0,True,106.75,19.21,0.0184,4,0.0217,2025-07-04T03:18:15,settled,gst_on_fee
TXN00185,synthetic,,order_synth_185,11951.08,card,2025-06-30T02:33:45,0,False,saas,False,False,0.0,True,250.15,45.03,0.0209,1,0.0247,2025-07-01T21:33:45,settled,gst_on_fee
TXN00246,synthetic,,order_synth_246,6164.23,upi,2025-06-30T09:39:04,0,False,travel,False,True,6118.37,True,0.0,0.0,0.0,1,0.9926,2025-07-02T02:39:04,refunded,refund_credit_note
TXN00242,synthetic,,order_synth_242,318.17,upi,2025-06-30T13:54:16,0,False,retail,False,False,0.0,True,0.0,0.0,0.0,1,0.0,2025-07-02T09:54:16,settled,taxable_sale
TXN00060,synthetic,,order_synth_60,2836.25,card,2025-07-01T04:46:23,1,False,saas,False,False,0.0,True,62.4,11.23,0.022,2,0.026,2025-07-03T06:46:23,settled,gst_on_fee
TXN00188,synthetic,,order_synth_188,10556.69,upi,2025-07-01T10:57:23,1,False,food_delivery,False,False,0.0,True,0.0,0.0,0.0,0,0.0,2025-07-01T14:57:23,settled,taxable_sale
TXN00170,synthetic,,order_synth_170,16112.11,upi,2025-07-01T18:43:40,1,False,retail,False,False,0.0,True,0.0,0.0,0.0,2,0.0,2025-07-03T23:43:40,settled,taxable_sale
TXN00184,synthetic,,order_synth_184,4188.18,wallet,2025-07-01T22:13:43,1,False,saas,False,False,0.0,True,62.25,11.21,0.0149,1,0.0175,2025-07-03T16:13:43,settled,gst_on_fee
TXN00216,synthetic,,order_synth_216,17453.26,upi,2025-07-01T22:42:18,1,False,saas,False,False,0.0,True,0.0,0.0,0.0,1,0.0,2025-07-03T07:42:18,settled,taxable_sale
TXN00196,synthetic,,order_synth_196,7242.57,card,2025-07-02T04:22:29,2,False,ecommerce,False,False,0.0,True,133.63,24.05,0.0185,1,0.0218,2025-07-03T09:22:29,settled,gst_on_fee
TXN00221,synthetic,,order_synth_221,19421.52,upi,2025-07-02T05:25:02,2,False,retail,False,False,0.0,True,32.24,5.8,0.0017,1,0.002,2025-07-03T15:25:02,settled,gst_on_fee
TXN00068,synthetic,,order_synth_68,10723.77,upi,2025-07-04T09:00:46,4,False,saas,False,False,0.0,True,26.56,4.78,0.0025,1,0.0029,2025-07-05T12:00:46,settled,gst_on_fee
TXN00126,synthetic,,order_synth_126,10833.35,card,2025-07-04T12:18:39,4,False,retail,False,False,0.0,True,222.83,40.11,0.0206,2,0.0243,2025-07-07T07:18:39,settled,gst_on_fee
TXN00041,synthetic,,order_synth_41,18254.34,card,2025-07-04T13:30:33,4,False,retail,False,False,0.0,True,369.13,66.44,0.0202,2,0.0239,2025-07-06T13:30:33,settled,gst_on_fee
TXN00193,synthetic,,order_synth_193,23111.64,upi,2025-07-04T15:05:07,4,False,travel,False,False,0.0,True,0.0,0.0,0.0,0,0.0,2025-07-05T10:05:07,settled,taxable_sale
TXN00062,synthetic,,order_synth_62,13388.72,upi,2025-07-04T17:02:36,4,False,ecommerce,False,False,0.0,True,0.0,0.0,0.0,1,0.0,2025-07-05T20:02:36,settled,taxable_sale
TXN00081,synthetic,,order_synth_81,10297.45,card,2025-07-04T18:48:28,4,False,ecommerce,False,False,0.0,True,194.14,34.95,0.0189,3,0.0222,2025-07-07T19:48:28,settled,gst_on_fee
TXN00156,synthetic,,order_synth_156,13718.44,netbanking,2025-07-05T04:54:58,5,True,food_delivery,False,False,0.0,True,224.23,40.36,0.0163,4,0.0193,2025-07-09T08:54:58,settled,gst_on_fee
TXN00036,synthetic,,order_synth_36,19535.89,netbanking,2025-07-05T08:07:51,5,True,travel,False,False,0.0,True,360.77,64.94,0.0185,3,0.0218,2025-07-08T13:07:51,settled,gst_on_fee
TXN00202,synthetic,,order_synth_202,17365.3,card,2025-07-05T21:49:01,5,True,ecommerce,False,False,0.0,True,338.92,61.01,0.0195,3,0.023,2025-07-09T17:49:01,settled,gst_on_fee
TXN00012,synthetic,,order_synth_12,5600.12,wallet,2025-07-06T03:30:46,6,True,retail,False,False,0.0,True,79.5,14.31,0.0142,2,0.0168,2025-07-08T16:30:46,settled,gst_on_fee
TXN00181,synthetic,,order_synth_181,1274.27,card,2025-07-06T12:41:45,6,True,retail,False,False,0.0,True,21.15,3.81,0.0166,5,0.0196,2025-07-12T07:41:45,settled,gst_on_fee
TXN00229,synthetic,,order_synth_229,23988.55,upi,2025-07-07T05:16:23,0,False,food_delivery,False,False,0.0,True,40.31,7.26,0.0017,0,0.002,2025-07-07T07:16:23,settled,gst_on_fee
TXN00089,synthetic,,order_synth_89,11465.31,card,2025-07-07T14:57:47,0,False,food_delivery,False,False,0.0,True,243.88,43.9,0.0213,2,0.0251,2025-07-10T05:57:47,settled,gst_on_fee
TXN00192,synthetic,,order_synth_192,22409.65,upi,2025-07-07T20:45:05,0,False,saas,False,False,0.0,True,0.0,0.0,0.0,1,0.0,2025-07-08T22:45:05,settled,taxable_sale
TXN00038,synthetic,,order_synth_38,21823.34,netbanking,2025-07-08T03:23:12,1,False,food_delivery,False,False,0.0,True,360.0,64.8,0.0165,2,0.0195,2025-07-10T10:23:12,settled,gst_on_fee
TXN00178,synthetic,,order_synth_178,21624.47,upi,2025-07-08T07:08:02,1,False,food_delivery,False,False,0.0,True,7.42,1.34,0.0003,1,0.0004,2025-07-09T12:08:02,settled,gst_on_fee
TXN00107,synthetic,,order_synth_107,11423.05,upi,2025-07-08T17:36:37,1,False,retail,False,False,0.0,True,0.0,0.0,0.0,1,0.0,2025-07-10T12:36:37,settled,taxable_sale
TXN00055,synthetic,,order_synth_55,8502.82,upi,2025-07-08T18:06:10,1,False,travel,False,False,0.0,True,20.86,3.75,0.0025,1,0.0029,2025-07-10T12:06:10,settled,gst_on_fee
TXN00131,synthetic,,order_synth_131,21782.53,upi,2025-07-09T10:12:11,2,False,food_delivery,False,False,0.0,True,39.24,7.06,0.0018,1,0.0021,2025-07-10T21:12:11,settled,gst_on_fee
TXN00177,synthetic,,order_synth_177,3399.54,upi,2025-07-09T17:04:37,2,False,retail,False,False,0.0,True,0.0,0.0,0.0,0,0.0,2025-07-10T02:04:37,settled,taxable_sale
TXN00022,synthetic,,order_synth_22,18246.11,netbanking,2025-07-10T02:10:32,3,False,ecommerce,False,False,0.0,True,347.34,62.52,0.019,2,0.0225,2025-07-12T07:10:32,settled,gst_on_fee
TXN00230,synthetic,,order_synth_230,9574.71,upi,2025-07-10T08:22:00,3,False,ecommerce,False,False,0.0,True,0.0,0.0,0.0,1,0.0,2025-07-12T04:22:00,settled,taxable_sale
TXN00108,synthetic,,order_synth_108,23485.47,card,2025-07-10T14:58:44,3,False,saas,False,False,0.0,True,480.64,86.52,0.0205,2,0.0241,2025-07-12T17:58:44,settled,gst_on_fee
TXN00106,synthetic,,order_synth_106,3049.4,card,2025-07-10T15:23:53,3,False,ecommerce,False,False,0.0,True,49.04,8.83,0.0161,3,0.019,2025-07-13T19:23:53,settled,gst_on_fee
TXN00139,synthetic,,order_synth_139,19395.45,upi,2025-07-10T16:30:06,3,False,ecommerce,False,False,0.0,True,48.43,8.72,0.0025,1,0.0029,2025-07-12T00:30:06,settled,gst_on_fee
TXN00209,synthetic,,order_synth_209,4622.54,card,2025-07-10T16:43:44,3,False,travel,False,False,0.0,True,100.26,18.05,0.0217,1,0.0256,2025-07-12T09:43:44,settled,gst_on_fee
TXN00095,synthetic,,order_synth_95,14213.31,upi,2025-07-11T00:09:00,4,False,food_delivery,False,False,0.0,True,0.0,0.0,0.0,2,0.0,2025-07-13T04:09:00,settled,taxable_sale
TXN00086,synthetic,,order_synth_86,20892.89,wallet,2025-07-11T08:09:45,4,False,food_delivery,False,False,0.0,True,314.07,56.53,0.015,2,0.0177,2025-07-14T00:09:45,settled,gst_on_fee
TXN00197,synthetic,,order_synth_197,22073.79,card,2025-07-11T13:44:33,4,False,ecommerce,False,False,0.0,True,545.6,98.21,0.0247,2,0.0292,2025-07-13T14:44:33,settled,gst_on_fee
TXN00241,synthetic,,order_synth_241,7598.84,upi,2025-07-11T21:14:22,4,False,saas,False,False,0.0,True,0.0,0.0,0.0,0,0.0,2025-07-12T01:14:22,settled,taxable_sale
TXN00117,synthetic,,order_synth_117,11371.14,card,2025-07-12T18:08:08,5,True,saas,False,False,0.0,True,219.88,39.58,0.0193,4,0.0228,2025-07-16T22:08:08,settled,gst_on_fee
TXN00063,synthetic,,order_synth_63,24025.57,upi,2025-07-13T02:10:57,6,True,travel,False,False,0.0,True,37.24,6.7,0.0015,3,0.0018,2025-07-16T15:10:57,settled,gst_on_fee
TXN00129,synthetic,,order_synth_129,615.73,wallet,2025-07-13T08:27:55,6,True,saas,False,False,0.0,True,8.71,1.57,0.0141,2,0.0167,2025-07-15T13:27:55,settled,gst_on_fee
TXN00084,synthetic,,order_synth_84,22039.04,upi,2025-07-13T12:53:04,6,True,ecommerce,False,False,0.0,True,11.07,1.99,0.0005,2,0.0006,2025-07-16T05:53:04,settled,gst_on_fee
TXN00031,synthetic,,order_synth_31,20868.56,upi,2025-07-13T13:02:38,6,True,retail,False,False,0.0,True,0.0,0.0,0.0,2,0.0,2025-07-15T21:02:38,settled,taxable_sale
TXN00134,synthetic,,order_synth_134,1846.91,upi,2025-07-13T16:43:17,6,True,saas,False,False,0.0,True,0.0,0.0,0.0,2,0.0,2025-07-16T06:43:17,settled,taxable_sale
TXN00045,synthetic,,order_synth_45,16939.34,upi,2025-07-13T22:18:25,6,True,food_delivery,False,False,0.0,True,0.0,0.0,0.0,2,0.0,2025-07-16T05:18:25,settled,taxable_sale
TXN00164,synthetic,,order_synth_164,19112.65,upi,2025-07-14T02:27:12,0,False,retail,False,False,0.0,True,34.33,6.18,0.0018,0,0.0021,2025-07-14T02:27:12,settled,gst_on_fee
TXN00145,synthetic,,order_synth_145,15323.3,upi,2025-07-14T03:03:28,0,False,travel,False,False,0.0,True,14.22,2.56,0.0009,1,0.0011,2025-07-15T14:03:28,settled,gst_on_fee
TXN00205,synthetic,,order_synth_205,13275.1,upi,2025-07-14T08:59:53,0,False,retail,False,False,0.0,True,9.75,1.75,0.0007,1,0.0009,2025-07-15T18:59:53,settled,gst_on_fee
TXN00019,synthetic,,order_synth_19,3156.95,card,2025-07-14T20:02:20,0,False,saas,True,False,0.0,True,73.03,13.15,0.0231,5,0.0273,2025-07-19T22:02:20,disputed,gst_on_fee
TXN00135,synthetic,,order_synth_135,1084.54,upi,2025-07-14T21:02:08,0,False,saas,False,False,0.0,True,0.0,0.0,0.0,1,0.0,2025-07-16T15:02:08,settled,taxable_sale
TXN00207,synthetic,,order_synth_207,3428.82,upi,2025-07-15T00:34:25,1,False,retail,False,False,0.0,True,0.0,0.0,0.0,0,0.0,2025-07-15T06:34:25,settled,taxable_sale
TXN00124,synthetic,,order_synth_124,8621.27,upi,2025-07-15T01:04:16,1,False,saas,False,False,0.0,True,11.56,2.08,0.0013,0,0.0016,2025-07-15T05:04:16,settled,gst_on_fee
TXN00082,synthetic,,order_synth_82,2338.29,card,2025-07-15T03:49:16,1,False,ecommerce,False,False,0.0,True,57.71,10.39,0.0247,1,0.0291,2025-07-16T20:49:16,settled,gst_on_fee
TXN00083,synthetic,,order_synth_83,10419.2,card,2025-07-15T20:28:58,1,False,saas,False,False,0.0,True,223.95,40.31,0.0215,2,0.0254,2025-07-18T05:28:58,settled,gst_on_fee
TXN00199,synthetic,,order_synth_199,6930.0,netbanking,2025-07-16T10:34:02,2,False,saas,False,False,0.0,True,133.57,24.04,0.0193,2,0.0227,2025-07-19T04:34:02,settled,gst_on_fee
TXN00186,synthetic,,order_synth_186,6748.43,upi,2025-07-17T01:52:31,3,False,retail,False,False,0.0,True,0.0,0.0,0.0,1,0.0,2025-07-18T17:52:31,settled,taxable_sale
TXN00137,synthetic,,order_synth_137,12608.98,wallet,2025-07-17T04:17:45,3,False,travel,False,False,0.0,True,182.49,32.85,0.0145,1,0.0171,2025-07-18T05:17:45,settled,gst_on_fee
TXN00016,synthetic,,order_synth_16,634.0,wallet,2025-07-18T10:32:01,4,False,saas,False,False,0.0,True,10.05,1.81,0.0158,0,0.0187,2025-07-18T12:32:01,settled,gst_on_fee
TXN00179,synthetic,,order_synth_179,24899.84,upi,2025-07-19T09:02:34,5,True,saas,False,False,0.0,True,0.0,0.0,0.0,2,0.0,2025-07-21T10:02:34,settled,taxable_sale
TXN00114,synthetic,,order_synth_114,5655.51,upi,2025-07-19T22:01:45,5,True,retail,False,False,0.0,True,0.0,0.0,0.0,3,0.0,2025-07-23T11:01:45,settled,taxable_sale
TXN00247,synthetic,,order_synth_247,23098.87,netbanking,2025-07-20T04:29:34,6,True,travel,False,False,0.0,True,461.18,83.01,0.02,2,0.0236,2025-07-22T11:29:34,settled,gst_on_fee
TXN00015,synthetic,,order_synth_15,22828.8,netbanking,2025-07-20T06:59:02,6,True,saas,False,False,0.0,True,391.88,70.54,0.0172,4,0.0203,2025-07-24T16:59:02,settled,gst_on_fee
TXN00189,synthetic,,order_synth_189,5302.44,card,2025-07-21T08:37:10,0,False,travel,False,False,0.0,True,114.31,20.58,0.0216,2,0.0254,2025-07-24T04:37:10,settled,gst_on_fee
TXN00172,synthetic,,order_synth_172,22388.91,netbanking,2025-07-21T09:07:10,0,False,saas,False,False,0.0,True,492.02,88.56,0.022,2,0.0259,2025-07-24T04:07:10,settled,gst_on_fee
TXN00080,synthetic,,order_synth_80,16340.01,netbanking,2025-07-21T09:16:24,0,False,food_delivery,False,False,0.0,True,268.55,48.34,0.0164,1,0.0194,2025-07-23T00:16:24,settled,gst_on_fee
TXN00042,synthetic,,order_synth_42,23150.54,upi,2025-07-21T11:30:07,0,False,food_delivery,False,True,16932.08,True,12.97,2.33,0.0006,1,0.7321,2025-07-22T14:30:07,refunded,refund_credit_note
TXN00173,synthetic,,order_synth_173,2471.7,upi,2025-07-22T19:05:38,1,False,retail,False,False,0.0,True,0.0,0.0,0.0,2,0.0,2025-07-24T20:05:38,settled,taxable_sale
TXN00054,synthetic,,order_synth_54,18725.76,upi,2025-07-23T06:08:41,2,False,retail,False,False,0.0,True,1.29,0.23,0.0001,1,0.0001,2025-07-24T06:08:41,settled,gst_on_fee
TXN00253,synthetic,,order_synth_253,4129.37,upi,2025-07-24T14:02:39,3,False,travel,False,False,0.0,True,0.0,0.0,0.0,0,0.0,2025-07-25T09:02:39,settled,taxable_sale
TXN00035,synthetic,,order_synth_35,3830.13,card,2025-07-24T15:28:36,3,False,saas,False,False,0.0,True,83.59,15.05,0.0218,2,0.0258,2025-07-26T18:28:36,settled,gst_on_fee
TXN00236,synthetic,,order_synth_236,23537.4,upi,2025-07-24T16:40:16,3,False,retail,False,False,0.0,True,0.0,0.0,0.0,1,0.0,2025-07-25T18:40:16,settled,taxable_sale
TXN00136,synthetic,,order_synth_136,23862.65,upi,2025-07-24T19:39:02,3,False,ecommerce,False,False,0.0,True,0.0,0.0,0.0,1,0.0,2025-07-26T14:39:02,settled,taxable_sale
TXN00066,synthetic,,order_synth_66,402.26,wallet,2025-07-24T23:05:13,3,False,ecommerce,False,False,0.0,True,6.53,1.18,0.0162,1,0.0192,2025-07-26T14:05:13,settled,gst_on_fee
TXN00122,synthetic,,order_synth_122,802.41,wallet,2025-07-25T01:17:51,4,False,saas,True,False,0.0,True,11.56,2.08,0.0144,9,0.017,2025-08-03T01:17:51,disputed,gst_on_fee
TXN00056,synthetic,,order_synth_56,16625.54,card,2025-07-25T19:07:43,4,False,travel,False,False,0.0,True,327.54,58.96,0.0197,2,0.0232,2025-07-28T05:07:43,settled,gst_on_fee
TXN00044,synthetic,,order_synth_44,7628.6,upi,2025-07-26T06:06:40,5,True,ecommerce,False,False,0.0,True,21.07,3.79,0.0028,3,0.0033,2025-07-29T20:06:40,settled,gst_on_fee
TXN00065,synthetic,,order_synth_65,15316.74,upi,2025-07-26T07:50:45,5,True,ecommerce,False,False,0.0,True,0.0,0.0,0.0,4,0.0,2025-07-30T15:50:45,settled,taxable_sale
TXN00021,synthetic,,order_synth_21,11895.88,upi,2025-07-26T22:40:13,5,True,travel,False,False,0.0,True,0.0,0.0,0.0,1,0.0,2025-07-27T23:40:13,settled,taxable_sale
TXN00214,synthetic,,order_synth_214,15008.25,upi,2025-07-27T01:36:49,6,True,saas,False,False,0.0,True,0.0,0.0,0.0,2,0.0,2025-07-29T10:36:49,settled,taxable_sale
TXN00208,synthetic,,order_synth_208,1964.78,upi,2025-07-27T03:33:46,6,True,ecommerce,False,True,1798.51,True,0.0,0.0,0.0,2,0.9154,2025-07-29T12:33:46,refunded,refund_credit_note
TXN00101,synthetic,,order_synth_101,9216.8,card,2025-07-27T06:30:17,6,True,saas,False,False,0.0,True,192.91,34.72,0.0209,5,0.0247,2025-08-01T22:30:17,settled,gst_on_fee
TXN00257,synthetic,,order_synth_257,2256.09,card,2025-07-28T07:11:31,0,False,ecommerce,False,False,0.0,True,47.94,8.63,0.0213,3,0.0251,2025-07-31T11:11:31,settled,gst_on_fee
TXN00061,synthetic,,order_synth_61,17311.77,upi,2025-07-28T11:41:16,0,False,ecommerce,False,False,0.0,True,21.11,3.8,0.0012,2,0.0014,2025-07-30T12:41:16,settled,gst_on_fee
TXN00243,synthetic,,order_synth_243,3532.69,card,2025-07-28T17:02:09,0,False,food_delivery,False,False,0.0,True,65.81,11.85,0.0186,2,0.022,2025-07-31T11:02:09,settled,gst_on_fee
TXN00013,synthetic,,order_synth_13,1728.66,upi,2025-07-28T21:44:01,0,False,travel,False,False,0.0,True,5.51,0.99,0.0032,2,0.0038,2025-07-31T05:44:01,settled,gst_on_fee
TXN00120,synthetic,,order_synth_120,7914.36,card,2025-07-29T07:03:24,1,False,retail,False,False,0.0,True,152.29,27.41,0.0192,1,0.0227,2025-07-30T18:03:24,settled,gst_on_fee
TXN00183,synthetic,,order_synth_183,12801.69,upi,2025-07-29T11:50:25,1,False,ecommerce,True,False,0.0,True,0.0,0.0,0.0,6,0.0,2025-08-05T06:50:25,disputed,taxable_sale
TXN00161,synthetic,,order_synth_161,17983.92,card,2025-07-29T12:12:36,1,False,travel,False,True,16114.13,True,388.49,69.93,0.0216,1,0.9215,2025-07-30T14:12:36,refunded,refund_credit_note
TXN00235,synthetic,,order_synth_235,19259.79,wallet,2025-07-29T18:08:43,1,False,travel,False,False,0.0,True,297.72,53.59,0.0155,1,0.0182,2025-07-31T05:08:43,settled,gst_on_fee
TXN00256,synthetic,,order_synth_256,9904.72,card,2025-07-30T08:27:06,2,False,saas,False,False,0.0,True,201.49,36.27,0.0203,2,0.024,2025-08-02T03:27:06,settled,gst_on_fee
TXN00169,synthetic,,order_synth_169,22123.52,card,2025-07-30T09:56:34,2,False,travel,False,False,0.0,True,452.37,81.43,0.0204,1,0.0241,2025-07-31T13:56:34,settled,gst_on_fee
TXN00051,synthetic,,order_synth_51,6095.26,upi,2025-07-31T20:25:46,3,False,saas,False,False,0.0,True,6.1,1.1,0.001,1,0.0012,2025-08-02T00:25:46,settled,gst_on_fee
TXN00187,synthetic,,order_synth_187,18071.39,upi,2025-08-01T01:44:06,4,False,travel,False,False,0.0,True,16.52,2.97,0.0009,0,0.0011,2025-08-01T15:44:06,settled,gst_on_fee
TXN00009,synthetic,,order_synth_9,4402.8,upi,2025-08-01T15:36:23,4,False,food_delivery,False,False,0.0,True,0.0,0.0,0.0,1,0.0,2025-08-02T16:36:23,settled,taxable_sale
TXN00110,synthetic,,order_synth_110,16041.4,wallet,2025-08-02T07:16:47,5,True,ecommerce,False,False,0.0,True,221.78,39.92,0.0138,1,0.0163,2025-08-04T00:16:47,settled,gst_on_fee
TXN00225,synthetic,,order_synth_225,23937.34,upi,2025-08-02T07:31:27,5,True,ecommerce,False,False,0.0,True,0.0,0.0,0.0,1,0.0,2025-08-03T11:31:27,settled,taxable_sale
TXN00067,synthetic,,order_synth_67,17839.28,upi,2025-08-02T17:03:46,5,True,ecommerce,False,False,0.0,True,0.0,0.0,0.0,4,0.0,2025-08-07T09:03:46,settled,taxable_sale
TXN00142,synthetic,,order_synth_142,16810.83,upi,2025-08-02T17:20:48,5,True,ecommerce,False,False,0.0,True,0.0,0.0,0.0,3,0.0,2025-08-06T00:20:48,settled,taxable_sale
TXN00058,synthetic,,order_synth_58,1855.17,wallet,2025-08-03T02:56:43,6,True,ecommerce,False,False,0.0,True,24.23,4.36,0.0131,3,0.0154,2025-08-06T06:56:43,settled,gst_on_fee
TXN00011,synthetic,,order_synth_11,12555.9,netbanking,2025-08-03T15:16:58,6,True,travel,False,False,0.0,True,185.61,33.41,0.0148,5,0.0174,2025-08-09T03:16:58,settled,gst_on_fee
TXN00141,synthetic,,order_synth_141,17507.23,upi,2025-08-03T16:43:05,6,True,retail,False,False,0.0,True,0.0,0.0,0.0,3,0.0,2025-08-06T18:43:05,settled,taxable_sale
TXN00248,synthetic,,order_synth_248,16667.64,card,2025-08-03T20:19:22,6,True,retail,False,False,0.0,True,308.1,55.46,0.0185,4,0.0218,2025-08-08T09:19:22,settled,gst_on_fee
TXN00075,synthetic,,order_synth_75,2167.51,card,2025-08-04T02:54:32,0,False,retail,False,True,1214.68,True,42.54,7.66,0.0196,2,0.5836,2025-08-06T16:54:32,refunded,refund_credit_note
TXN00162,synthetic,,order_synth_162,15992.19,upi,2025-08-05T03:58:18,1,False,food_delivery,False,False,0.0,True,0.0,0.0,0.0,1,0.0,2025-08-06T04:58:18,settled,taxable_sale
TXN00104,synthetic,,order_synth_104,18762.94,card,2025-08-05T07:48:13,1,False,travel,False,False,0.0,True,369.18,66.45,0.0197,2,0.0232,2025-08-07T22:48:13,settled,gst_on_fee
TXN00200,synthetic,,order_synth_200,18968.48,card,2025-08-05T11:28:06,1,False,travel,False,False,0.0,True,436.43,78.56,0.023,1,0.0271,2025-08-06T16:28:06,settled,gst_on_fee
TXN00146,synthetic,,order_synth_146,23686.18,wallet,2025-08-05T20:34:10,1,False,travel,False,False,0.0,True,255.12,45.92,0.0108,1,0.0127,2025-08-07T01:34:10,settled,gst_on_fee
TXN00109,synthetic,,order_synth_109,9278.27,netbanking,2025-08-06T13:45:02,2,False,saas,False,False,0.0,True,199.85,35.97,0.0215,1,0.0254,2025-08-07T19:45:02,settled,gst_on_fee
TXN00115,synthetic,,order_synth_115,2832.85,upi,2025-08-06T14:43:22,2,False,travel,False,False,0.0,True,4.16,0.75,0.0015,2,0.0017,2025-08-09T07:43:22,settled,gst_on_fee
TXN00118,synthetic,,order_synth_118,23086.18,card,2025-08-06T16:24:32,2,False,ecommerce,False,False,0.0,True,498.65,89.76,0.0216,2,0.0255,2025-08-09T09:24:32,settled,gst_on_fee
TXN00176,synthetic,,order_synth_176,1638.84,upi,2025-08-06T20:35:09,2,False,travel,False,False,0.0,True,0.0,0.0,0.0,1,0.0,2025-08-08T07:35:09,settled,taxable_sale
TXN00250,synthetic,,order_synth_250,12586.57,card,2025-08-07T00:50:07,3,False,ecommerce,False,False,0.0,True,275.7,49.63,0.0219,1,0.0258,2025-08-08T03:50:07,settled,gst_on_fee
TXN00092,synthetic,,order_synth_92,10027.46,card,2025-08-07T06:07:07,3,False,saas,False,False,0.0,True,210.63,37.91,0.021,2,0.0248,2025-08-10T02:07:07,settled,gst_on_fee
TXN00071,synthetic,,order_synth_71,23610.63,upi,2025-08-07T17:06:01,3,False,travel,False,True,10092.87,True,0.0,0.0,0.0,1,0.4275,2025-08-09T08:06:01,refunded,refund_credit_note
TXN00191,synthetic,,order_synth_191,5300.85,upi,2025-08-08T10:32:17,4,False,saas,False,False,0.0,True,0.0,0.0,0.0,2,0.0,2025-08-11T03:32:17,settled,taxable_sale
TXN00090,synthetic,,order_synth_90,22848.74,upi,2025-08-08T11:18:00,4,False,food_delivery,False,True,13751.12,True,0.0,0.0,0.0,0,0.6018,2025-08-09T01:18:00,refunded,refund_credit_note
TXN00052,synthetic,,order_synth_52,5466.73,upi,2025-08-08T14:04:33,4,False,saas,False,False,0.0,True,3.03,0.55,0.0006,1,0.0007,2025-08-10T02:04:33,settled,gst_on_fee
TXN00167,synthetic,,order_synth_167,1763.74,upi,2025-08-08T21:20:57,4,False,saas,False,False,0.0,True,0.0,0.0,0.0,2,0.0,2025-08-11T04:20:57,settled,taxable_sale
TXN00116,synthetic,,order_synth_116,8230.86,wallet,2025-08-09T03:26:10,5,True,retail,False,False,0.0,True,128.76,23.18,0.0156,3,0.0185,2025-08-12T09:26:10,settled,gst_on_fee
TXN00093,synthetic,,order_synth_93,22202.85,upi,2025-08-09T18:43:58,5,True,retail,True,True,15651.43,True,73.59,13.25,0.0033,6,0.7088,2025-08-16T08:43:58,refunded,refund_credit_note
TXN00043,synthetic,,order_synth_43,22516.16,upi,2025-08-09T21:08:56,5,True,travel,False,False,0.0,True,23.8,4.28,0.0011,3,0.0012,2025-08-13T16:08:56,settled,gst_on_fee
TXN00069,synthetic,,order_synth_69,4935.72,card,2025-08-10T00:42:51,6,True,retail,False,False,0.0,True,98.15,17.67,0.0199,3,0.0235,2025-08-13T06:42:51,settled,gst_on_fee
TXN00224,synthetic,,order_synth_224,16096.11,upi,2025-08-10T06:00:43,6,True,food_delivery,False,False,0.0,True,0.0,0.0,0.0,3,0.0,2025-08-13T23:00:43,settled,taxable_sale
TXN00140,synthetic,,order_synth_140,21311.42,wallet,2025-08-10T06:25:17,6,True,retail,False,False,0.0,True,355.59,64.01,0.0167,2,0.0197,2025-08-12T15:25:17,settled,gst_on_fee
TXN00088,synthetic,,order_synth_88,7569.11,upi,2025-08-10T11:49:17,6,True,travel,False,False,0.0,True,0.0,0.0,0.0,4,0.0,2025-08-15T04:49:17,settled,taxable_sale
TXN00160,synthetic,,order_synth_160,10698.82,upi,2025-08-10T14:13:20,6,True,food_delivery,False,False,0.0,True,28.3,5.09,0.0026,3,0.0031,2025-08-14T04:13:20,settled,gst_on_fee
TXN00245,synthetic,,order_synth_245,11621.31,upi,2025-08-10T14:31:47,6,True,travel,False,False,0.0,True,23.86,4.29,0.0021,3,0.0024,2025-08-14T10:31:47,settled,gst_on_fee
TXN00132,synthetic,,order_synth_132,23961.85,upi,2025-08-10T14:54:58,6,True,food_delivery,False,False,0.0,True,37.59,6.77,0.0016,1,0.0019,2025-08-11T19:54:58,settled,gst_on_fee
TXN00017,synthetic,,order_synth_17,12226.86,card,2025-08-11T01:28:05,0,False,retail,False,False,0.0,True,226.28,40.73,0.0185,3,0.0218,2025-08-14T14:28:05,settled,gst_on_fee
TXN00165,synthetic,,order_synth_165,4773.29,upi,2025-08-11T10:14:48,0,False,retail,False,False,0.0,True,2.9,0.52,0.0006,1,0.0007,2025-08-12T16:14:48,settled,gst_on_fee
TXN00213,synthetic,,order_synth_213,1249.28,upi,2025-08-11T21:35:08,0,False,retail,False,False,0.0,True,0.0,0.0,0.0,2,0.0,2025-08-14T07:35:08,settled,taxable_sale
TXN00194,synthetic,,order_synth_194,14732.74,card,2025-08-11T22:24:03,0,False,retail,False,False,0.0,True,285.74,51.43,0.0194,2,0.0229,2025-08-14T13:24:03,settled,gst_on_fee
TXN00034,synthetic,,order_synth_34,11129.61,upi,2025-08-11T23:11:35,0,False,retail,True,True,10088.83,True,0.85,0.15,0.0001,4,0.9066,2025-08-16T17:11:35,refunded,refund_credit_note
TXN00087,synthetic,,order_synth_87,22001.26,netbanking,2025-08-12T10:59:15,1,False,saas,False,False,0.0,True,404.17,72.75,0.0184,1,0.0217,2025-08-13T19:59:15,settled,gst_on_fee
TXN00155,synthetic,,order_synth_155,553.62,upi,2025-08-12T13:22:25,1,False,saas,False,False,0.0,True,0.0,0.0,0.0,1,0.0,2025-08-13T14:22:25,settled,taxable_sale
TXN00158,synthetic,,order_synth_158,16225.48,card,2025-08-13T03:17:42,2,False,ecommerce,False,False,0.0,True,308.63,55.55,0.019,2,0.0224,2025-08-15T16:17:42,settled,gst_on_fee
TXN00211,synthetic,,order_synth_211,714.97,card,2025-08-13T10:01:32,2,False,retail,False,False,0.0,True,13.49,2.43,0.0189,2,0.0223,2025-08-15T13:01:32,settled,gst_on_fee
TXN00171,synthetic,,order_synth_171,24161.68,upi,2025-08-14T13:03:39,3,False,ecommerce,False,False,0.0,True,59.31,10.68,0.0025,1,0.0029,2025-08-16T00:03:39,settled,gst_on_fee
TXN00014,synthetic,,order_synth_14,16077.9,card,2025-08-14T14:57:53,3,False,travel,False,True,12503.36,True,325.26,58.55,0.0202,3,0.8015,2025-08-17T19:57:53,refunded,refund_credit_note
TXN00133,synthetic,,order_synth_133,15754.53,upi,2025-08-15T00:51:59,4,True,retail,False,False,0.0,True,0.0,0.0,0.0,3,0.0,2025-08-18T04:51:59,settled,taxable_sale
TXN00244,synthetic,,order_synth_244,6174.24,upi,2025-08-15T22:07:56,4,True,travel,False,False,0.0,True,18.25,3.28,0.003,3,0.0035,2025-08-18T22:07:56,settled,gst_on_fee
TXN00231,synthetic,,order_synth_231,8382.07,wallet,2025-08-16T03:43:45,5,True,ecommerce,False,False,0.0,True,146.67,26.4,0.0175,3,0.0206,2025-08-19T04:43:45,settled,gst_on_fee
TXN00234,synthetic,,order_synth_234,24713.68,upi,2025-08-16T17:59:38,5,True,retail,False,False,0.0,True,0.0,0.0,0.0,1,0.0,2025-08-18T03:59:38,settled,taxable_sale
TXN00255,synthetic,,order_synth_255,21818.69,card,2025-08-17T14:58:31,6,True,saas,False,False,0.0,True,323.18,58.17,0.0148,5,0.0175,2025-08-23T02:58:31,settled,gst_on_fee
TXN00130,synthetic,,order_synth_130,23698.22,upi,2025-08-17T19:12:57,6,True,saas,False,False,0.0,True,11.59,2.09,0.0005,4,0.0006,2025-08-21T21:12:57,settled,gst_on_fee
TXN00049,synthetic,,order_synth_49,11696.38,upi,2025-08-17T19:26:09,6,True,retail,False,False,0.0,True,0.0,0.0,0.0,4,0.0,2025-08-22T09:26:09,settled,taxable_sale
TXN00190,synthetic,,order_synth_190,17378.84,upi,2025-08-18T00:38:46,0,False,food_delivery,False,False,0.0,True,0.0,0.0,0.0,1,0.0,2025-08-19T09:38:46,settled,taxable_sale
TXN00046,synthetic,,order_synth_46,5098.38,card,2025-08-18T07:25:39,0,False,food_delivery,False,False,0.0,True,98.89,17.8,0.0194,2,0.0229,2025-08-20T20:25:39,settled,gst_on_fee
TXN00147,synthetic,,order_synth_147,5112.49,upi,2025-08-19T07:29:40,1,False,saas,False,False,0.0,True,14.77,2.66,0.0029,2,0.0034,2025-08-21T10:29:40,settled,gst_on_fee
TXN00174,synthetic,,order_synth_174,21614.96,card,2025-08-20T02:56:23,2,False,retail,False,False,0.0,True,374.37,67.39,0.0173,3,0.0204,2025-08-23T22:56:23,settled,gst_on_fee
TXN00064,synthetic,,order_synth_64,18316.0,card,2025-08-20T04:06:03,2,False,food_delivery,False,False,0.0,True,360.06,64.81,0.0197,2,0.0232,2025-08-22T18:06:03,settled,gst_on_fee
TXN00077,synthetic,,order_synth_77,3684.57,card,2025-08-20T06:11:24,2,False,saas,False,False,0.0,True,66.0,11.88,0.0179,2,0.0211,2025-08-22T18:11:24,settled,gst_on_fee
TXN00251,synthetic,,order_synth_251,23525.8,card,2025-08-20T17:06:38,2,False,saas,False,False,0.0,True,458.17,82.47,0.0195,2,0.023,2025-08-23T03:06:38,settled,gst_on_fee
TXN00121,synthetic,,order_synth_121,13973.2,card,2025-08-22T01:51:46,4,False,saas,False,False,0.0,True,330.43,59.48,0.0236,3,0.0279,2025-08-25T21:51:46,settled,gst_on_fee
TXN00033,synthetic,,order_synth_33,6710.0,upi,2025-08-22T19:25:51,4,False,ecommerce,False,False,0.0,True,23.04,4.15,0.0034,1,0.0041,2025-08-24T00:25:51,settled,gst_on_fee
TXN00206,synthetic,,order_synth_206,13080.49,card,2025-08-22T23:05:48,4,False,food_delivery,False,False,0.0,True,292.6,52.67,0.0224,2,0.0264,2025-08-25T00:05:48,settled,gst_on_fee
TXN00217,synthetic,,order_synth_217,17733.28,netbanking,2025-08-23T06:12:57,5,True,ecommerce,False,False,0.0,True,336.81,60.63,0.019,3,0.0224,2025-08-27T02:12:57,settled,gst_on_fee
TXN00074,synthetic,,order_synth_74,14774.85,upi,2025-08-23T12:20:00,5,True,retail,False,False,0.0,True,0.0,0.0,0.0,2,0.0,2025-08-25T20:20:00,settled,taxable_sale
TXN00037,synthetic,,order_synth_37,10395.52,card,2025-08-25T13:50:55,0,False,saas,False,False,0.0,True,206.44,37.16,0.0199,2,0.0234,2025-08-27T16:50:55,settled,gst_on_fee
TXN00254,synthetic,,order_synth_254,5053.51,upi,2025-08-25T17:45:57,0,False,travel,True,False,0.0,True,0.0,0.0,0.0,6,0.0,2025-08-31T20:45:57,disputed,taxable_sale
TXN00047,synthetic,,order_synth_47,15799.67,card,2025-08-26T00:50:55,1,False,travel,False,False,0.0,True,368.65,66.36,0.0233,1,0.0275,2025-08-27T13:50:55,settled,gst_on_fee
TXN00159,synthetic,,order_synth_159,10090.54,upi,2025-08-26T08:39:13,1,False,travel,False,False,0.0,True,0.0,0.0,0.0,1,0.0,2025-08-27T10:39:13,settled,taxable_sale
TXN00050,synthetic,,order_synth_50,4105.07,netbanking,2025-08-27T02:38:47,2,False,travel,False,False,0.0,True,65.38,11.77,0.0159,3,0.0188,2025-08-30T17:38:47,settled,gst_on_fee
TXN00053,synthetic,,order_synth_53,19279.42,wallet,2025-08-27T20:25:35,2,False,ecommerce,False,False,0.0,True,325.07,58.51,0.0169,1,0.0199,2025-08-29T09:25:35,settled,gst_on_fee
TXN00020,synthetic,,order_synth_20,930.61,card,2025-08-27T21:46:53,2,False,retail,False,False,0.0,True,18.74,3.37,0.0201,2,0.0238,2025-08-30T15:46:53,settled,gst_on_fee
TXN00151,synthetic,,order_synth_151,2118.76,card,2025-08-27T22:48:03,2,False,food_delivery,False,False,0.0,True,45.05,8.11,0.0213,2,0.0251,2025-08-30T01:48:03,settled,gst_on_fee
TXN00204,synthetic,,order_synth_204,11850.08,upi,2025-08-28T14:58:15,3,False,food_delivery,False,False,0.0,True,0.0,0.0,0.0,0,0.0,2025-08-29T06:58:15,settled,taxable_sale
TXN00102,synthetic,,order_synth_102,6922.3,card,2025-08-28T16:34:44,3,False,travel,False,False,0.0,True,110.87,19.96,0.016,1,0.0189,2025-08-30T06:34:44,settled,gst_on_fee
TXN00222,synthetic,,order_synth_222,5197.72,card,2025-08-28T18:32:40,3,False,ecommerce,False,False,0.0,True,96.13,17.3,0.0185,2,0.0218,2025-08-31T11:32:40,settled,gst_on_fee
TXN00203,synthetic,,order_synth_203,23524.8,upi,2025-08-28T22:44:18,3,False,food_delivery,False,False,0.0,True,0.0,0.0,0.0,1,0.0,2025-08-30T15:44:18,settled,taxable_sale
TXN00228,synthetic,,order_synth_228,2543.4,card,2025-08-29T03:12:31,4,False,food_delivery,False,False,0.0,True,51.87,9.34,0.0204,2,0.0241,2025-08-31T05:12:31,settled,gst_on_fee
TXN00232,synthetic,,order_synth_232,1997.55,wallet,2025-08-29T17:26:49,4,False,retail,False,True,1883.72,True,26.4,4.75,0.0132,1,0.9586,2025-08-31T11:26:49,refunded,refund_credit_note
TXN00025,synthetic,,order_synth_25,19634.15,upi,2025-08-29T22:56:36,4,False,travel,False,False,0.0,True,0.0,0.0,0.0,1,0.0,2025-08-31T07:56:36,settled,taxable_sale
TXN00149,synthetic,,order_synth_149,812.75,card,2025-08-30T08:09:24,5,True,retail,False,False,0.0,True,16.48,2.97,0.0203,3,0.0239,2025-09-02T12:09:24,settled,gst_on_fee
TXN00223,synthetic,,order_synth_223,14663.19,upi,2025-08-30T18:08:40,5,True,saas,False,False,0.0,True,17.25,3.1,0.0012,3,0.0014,2025-09-03T09:08:40,settled,gst_on_fee
TXN00220,synthetic,,order_synth_220,4872.09,upi,2025-08-30T23:44:25,5,True,travel,False,False,0.0,True,0.0,0.0,0.0,3,0.0,2025-09-03T16:44:25,settled,taxable_sale
TXN00007,razorpay_real,pay_TFpUy14VJkrTlD,order_TFpSqW8glaSB9A,450.0,card,2026-07-20T16:52:53+00:00,0,False,food_delivery,False,True,172.04,True,9.57,1.72,0.0213,1,0.4074,2026-07-22T04:52:53+00:00,refunded,refund_credit_note
TXN00006,razorpay_real,pay_TFrmYm51r8q82U,order_TFrlYsulgRLiTz,450.0,card,2026-07-20T19:06:56+00:00,0,False,travel,False,False,0.0,True,7.64,1.38,0.017,2,0.02,2026-07-23T13:06:56+00:00,settled,gst_on_fee
TXN00003,razorpay_real,pay_TFrnuFlwZhbwYR,order_TFrnI97WsbzS4f,1500.0,card,2026-07-20T19:08:12+00:00,0,False,retail,False,False,0.0,True,33.45,6.02,0.0223,2,0.0263,2026-07-23T08:08:12+00:00,settled,gst_on_fee
TXN00004,razorpay_real,pay_TFroK6PIdTvoJK,order_TFrnI97WsbzS4f,1500.0,card,2026-07-20T19:08:36+00:00,0,False,saas,False,False,0.0,True,26.3,4.73,0.0175,1,0.0207,2026-07-21T21:08:36+00:00,settled,gst_on_fee
TXN00005,razorpay_real,pay_TFroZeo3xXGbaX,order_TFrnI97WsbzS4f,1500.0,card,2026-07-20T19:08:50+00:00,0,False,travel,False,False,0.0,True,31.7,5.71,0.0211,3,0.0249,2026-07-23T22:08:50+00:00,settled,gst_on_fee
TXN00001,razorpay_real,pay_TFsnP9wzqpCcCY,order_TFsmd4RTeM9SZG,100.0,card,2026-07-20T20:06:25+00:00,0,False,ecommerce,True,False,0.0,True,1.97,0.35,0.0197,7,0.0232,2026-07-28T09:06:25+00:00,disputed,gst_on_fee
TXN00002,razorpay_real,pay_TFsncnwckNbFMQ,order_TFsmd4RTeM9SZG,100.0,upi,2026-07-20T20:06:37+00:00,0,False,ecommerce,True,False,0.0,True,0.0,0.0,0.0,5,0.0,2026-07-26T02:06:37+00:00,disputed,taxable_sale
